[{"model": "ecommerce.category", "pk": "75fa7b3e-d9fb-4d9c-b126-78d442ef2ccc", "fields": {"name": "Modules", "slug": "modules", "rank": 100, "h1": "", "title": "", "meta_description": "", "keywords": "", "markdown": "", "html": ""}}, {"model": "ecommerce.category", "pk": "862e3fe9-8415-4686-b864-36a2e99918df", "fields": {"name": "Microcontrollers", "slug": "microcontrollers", "rank": 100, "h1": "", "title": "Microcontrollers Buy Online in India - noobtronics", "meta_description": "Buy Microcontrollers in India at Best Price.", "keywords": "microcontroller", "markdown": "# Microcontrollers\n\n``` yaml\ntitle: \"Microcontrollers Buy Online in India - noobtronics\"\nmeta_description: Buy Microcontrollers in India at Best Price.\nkeywords: microcontroller\n```\n\n\n## What is a Microcontroller ?\nMircocontroller is an IC that performs instructions programmed to it.\n", "html": "\n\n<h2>What is a Microcontroller ?</h2>\n<p>Mircocontroller is an IC that performs instructions programmed to it.</p>"}}, {"model": "ecommerce.category", "pk": "bf7e6a5b-3cfc-4fdc-8a5f-b13999c2f125", "fields": {"name": "Kits", "slug": "kits", "rank": 100, "h1": "", "title": "", "meta_description": "", "keywords": "", "markdown": "", "html": ""}}, {"model": "ecommerce.subcategory", "pk": "08cf3922-3dc3-4251-ade0-47aa36ccadc1", "fields": {"name": "Bluetooth Modules", "category": "75fa7b3e-d9fb-4d9c-b126-78d442ef2ccc", "slug": "bluetooth-modules", "rank": 100, "h1": "", "title": "", "meta_description": "", "keywords": "", "markdown": "", "html": ""}}, {"model": "ecommerce.subcategory", "pk": "0da7b5a5-d2c6-4220-8c3a-f83e4d8e2f12", "fields": {"name": "Espressif Microcontrollers", "category": "862e3fe9-8415-4686-b864-36a2e99918df", "slug": "espressif-microcontrollers", "rank": 100, "h1": "", "title": "", "meta_description": "", "keywords": "", "markdown": "", "html": ""}}, {"model": "ecommerce.subcategory", "pk": "33e64390-468a-4e1f-8706-969993768649", "fields": {"name": "Radio Modules", "category": "75fa7b3e-d9fb-4d9c-b126-78d442ef2ccc", "slug": "radio-modules", "rank": 100, "h1": "", "title": "", "meta_description": "", "keywords": "", "markdown": "", "html": ""}}, {"model": "ecommerce.subcategory", "pk": "895b088b-892a-4ad1-9dc2-5f5b19e03717", "fields": {"name": "Wifi Modules", "category": "75fa7b3e-d9fb-4d9c-b126-78d442ef2ccc", "slug": "wifi-modules", "rank": 100, "h1": "", "title": "", "meta_description": "", "keywords": "", "markdown": "", "html": ""}}, {"model": "ecommerce.subcategory", "pk": "d51a0ed5-7b46-401b-a8d4-96535c049a3b", "fields": {"name": "Arduino Kits", "category": "bf7e6a5b-3cfc-4fdc-8a5f-b13999c2f125", "slug": "arduino-kits", "rank": 100, "h1": "", "title": "", "meta_description": "", "keywords": "", "markdown": "", "html": ""}}, {"model": "ecommerce.subcategory", "pk": "e0db7c40-dc79-47ef-ad44-02002b187008", "fields": {"name": "Arduino Microcontrollers", "category": "862e3fe9-8415-4686-b864-36a2e99918df", "slug": "arduino-microcontrollers", "rank": 100, "h1": "Microcontrollers", "title": "Microcontrollers Buy Online in India - noobtronics", "meta_description": "Buy Microcontrollers in India at Best Price.", "keywords": "microcontroller", "markdown": "# Microcontrollers\n\n``` yaml\ntitle: \"Microcontrollers Buy Online in India - noobtronics\"\nmeta_description: Buy Microcontrollers in India at Best Price.\nkeywords: microcontroller\n```\n\n\n## What is a Microcontroller ?\nMircocontroller is an IC that performs instructions programmed to it.\n", "html": "\n\n<h2>What is a Microcontroller ?</h2>\n<p>Mircocontroller is an IC that performs instructions programmed to it.</p>"}}, {"model": "ecommerce.product", "pk": "09913cbf-0414-4559-a242-8b55cde2450f", "fields": {"github": "microcontrollers/espressif-microcontrollers/esp8266", "slug": "espressif-microcontrollers/esp8266", "category": "862e3fe9-8415-4686-b864-36a2e99918df", "sub_category": "0da7b5a5-d2c6-4220-8c3a-f83e4d8e2f12", "sku": "esp8266", "name": "ESP8266 Microcontroller Board", "shortname": "ESP8266", "description": "Select among SMD vs DIP and Made in India vs Made in China boards.", "title": "ESP8266 Buy Online in India at Best Price - noobtronics", "meta_description": "ESP8266 is famous Microcontroller that has inbuilt support for Wifi to build IOT hardware. Purchase now with free delivery and cash on delivery options all over India.", "keywords": "esp8266, espressif, microcontroller board", "images": "{\n    \"mainimage\": {\n        \"jpg\": \"/storage/product/esp8266/esp8266-microcontroller.jpg\",\n        \"webp\": \"/storage/product/esp8266/esp8266-microcontroller.webp\",\n        \"alt\": \"ESP8266 Wifi Microcontroller Board\",\n        \"id\": \"img71190479\"\n    },\n    \"data\": {\n        \"img71190479\": {\n            \"jpg\": \"/storage/product/esp8266/esp8266-microcontroller.jpg\",\n            \"webp\": \"/storage/product/esp8266/esp8266-microcontroller.webp\",\n            \"alt\": \"ESP8266 Wifi Microcontroller Board\",\n            \"id\": \"img71190479\"\n        }\n    }\n}", "markdown": "# ESP8266 Microcontroller Board\n\n``` yaml\ntitle: \"ESP8266 Buy Online in India at Best Price - noobtronics\"\nshortname: ESP8266\nmeta_description: ESP8266 is famous Microcontroller that has inbuilt support for Wifi to build IOT hardware. Purchase now with free delivery and cash on delivery options all over India.\nkeywords: esp8266, espressif, microcontroller board\ntags: esp8266, espressif\n\n```\n\n``` yaml\ndescription: \n  - Select among SMD vs DIP and Made in India vs Made in China boards.\n```\n\n## Images\n<p float=\"left\">\n  <img alt=\"ESP8266 Wifi Microcontroller Board\" \n       src=\"/storage/product/esp8266/esp8266-microcontroller.jpg\" width=\"280\" \n   />\n</p>\n\n``` yaml\nvariants:\n  - name: Development Board\n    price: 300\n    cardname: 'ESP8266'\n    cardtitle: 'Wifi Microcontroller'\n    image: 1\n    is_shop: true\n    in_stock: true\n```\n\n## Table of contents\n1. [What is ESP8266 ?](#What-is-ESP8266)\n\n\n<a name=\"What-is-ESP8266\"></a>\n## What is ESP8266 ?\nESP8266 is a microcontroller that provides built in support for Wifi. It became famous because it was the first affordable wifi chip that can be programmed like an Arduino. It is manufactured by Espressif Systems, China and present in almost all Internet of Things (IOT) hardware like Smart Bulb, Smart Switch , IR Blaster and everything related to Smart Homes Technology.\n", "html": "\n\n\n\n\n\n<h2>Table of contents</h2>\n<ol>\n<li><a href=\"#What-is-ESP8266\">What is ESP8266 ?</a></li>\n</ol>\n<p><a name=\"What-is-ESP8266\"></a></p>\n<h2>What is ESP8266 ?</h2>\n<p>ESP8266 is a microcontroller that provides built in support for Wifi. It became famous because it was the first affordable wifi chip that can be programmed like an Arduino. It is manufactured by Espressif Systems, China and present in almost all Internet of Things (IOT) hardware like Smart Bulb, Smart Switch , IR Blaster and everything related to Smart Homes Technology.</p>", "rank": 100, "hide_shop": false, "hide_ads": false, "updated_at": "2020-05-31T08:36:06.135Z", "created_at": "2020-05-23T11:45:12.302Z"}}, {"model": "ecommerce.product", "pk": "0b9a60c2-040b-457e-ade5-51265c1aa54b", "fields": {"github": "kits/arduino-kits/37-in-1-sensor-kit", "slug": "arduino-kits/37-in-1-sensor-kit", "category": "bf7e6a5b-3cfc-4fdc-8a5f-b13999c2f125", "sub_category": "d51a0ed5-7b46-401b-a8d4-96535c049a3b", "sku": "37-in-1-sensor-kit", "name": "37 in 1 Sensor Kit", "shortname": "37 in 1 Sensor Kit", "description": "Select among SMD vs DIP and Made in India vs Made in China boards.", "title": "37 in 1 Sensor Kit Buy Online in India at Best Price - noobtronics", "meta_description": "37 in 1 Sensor Kit for Arduino contains 37 different sensors which you can use to measure physical quantities. Purchase now with free delivery and cash on delivery options all over India.", "keywords": "37 in 1 Sensor Kit, sensors", "images": "{\n    \"mainimage\": {\n        \"jpg\": \"/storage/product/37-in-1-sensor-kit/37-in-1-sensor-kit.jpg\",\n        \"webp\": \"/storage/product/37-in-1-sensor-kit/37-in-1-sensor-kit.webp\",\n        \"alt\": \"37 in 1 Sensor Kit for Arduino, Raspberry Pi\",\n        \"id\": \"img32380282\"\n    },\n    \"data\": {\n        \"img32380282\": {\n            \"jpg\": \"/storage/product/37-in-1-sensor-kit/37-in-1-sensor-kit.jpg\",\n            \"webp\": \"/storage/product/37-in-1-sensor-kit/37-in-1-sensor-kit.webp\",\n            \"alt\": \"37 in 1 Sensor Kit for Arduino, Raspberry Pi\",\n            \"id\": \"img32380282\"\n        },\n        \"img64721316\": {\n            \"jpg\": \"/storage/product/37-in-1-sensor-kit/37-sensor-modules.jpg\",\n            \"webp\": \"/storage/product/37-in-1-sensor-kit/37-sensor-modules.webp\",\n            \"alt\": \"37 Sensor Modules\",\n            \"id\": \"img64721316\"\n        },\n        \"img93638136\": {\n            \"jpg\": \"/storage/product/37-in-1-sensor-kit/37-in-1-sensor-kit-modules-list.jpg\",\n            \"webp\": \"/storage/product/37-in-1-sensor-kit/37-in-1-sensor-kit-modules-list.webp\",\n            \"alt\": \"List of Sensor modules in 37 in 1 Sensor Kit\",\n            \"id\": \"img93638136\"\n        }\n    }\n}", "markdown": "# 37 in 1 Sensor Kit\n\n``` yaml\ntitle: \"37 in 1 Sensor Kit Buy Online in India at Best Price - noobtronics\"\nshortname: 37 in 1 Sensor Kit\nmeta_description: 37 in 1 Sensor Kit for Arduino contains 37 different sensors which you can use to measure physical quantities. Purchase now with free delivery and cash on delivery options all over India.\nkeywords: 37 in 1 Sensor Kit, sensors\ntags: 37-in-1-sensor-kit, sensors\n\n```\n\n\n## Images\n<p float=\"left\">\n  <img alt=\"37 in 1 Sensor Kit for Arduino, Raspberry Pi\" \n       src=\"/storage/product/37-in-1-sensor-kit/37-in-1-sensor-kit.jpg\" width=\"280\" \n   />\n  <img alt=\"37 Sensor Modules\" \n       src=\"/storage/product/37-in-1-sensor-kit/37-sensor-modules.jpg\" width=\"280\" \n   />\n  <img alt=\"List of Sensor modules in 37 in 1 Sensor Kit\" \n       src=\"/storage/product/37-in-1-sensor-kit/37-in-1-sensor-kit-modules-list.jpg\" width=\"280\" \n   />\n</p>\n\n``` yaml\nvariants:\n  - name: Sensor Kit\n    price: 1200\n    cardname: ' 37 in 1 Sensor Kit'\n    cardtitle: 'For Arduino, Raspberry Pi'\n    image: 1\n    is_shop: true\n    in_stock: true\n```\n\n## Table of contents\n1. [What is 37 in 1 Sensor Kit ?](#What-is-37-in-1-Sensor-Kit)\n\n<a name=\"What-is-37-in-1-Sensor-Kit\"></a>\n## What is 37 in 1 Sensor Kit ? \n37 in 1 Sensor Kit for Arduino contains 37 different sensors which you can use to measure physical quantities.\n\n", "html": "\n\n\n\n\n<h2>Table of contents</h2>\n<ol>\n<li><a href=\"#What-is-37-in-1-Sensor-Kit\">What is 37 in 1 Sensor Kit ?</a></li>\n</ol>\n<p><a name=\"What-is-37-in-1-Sensor-Kit\"></a></p>\n<h2>What is 37 in 1 Sensor Kit ?</h2>\n<p>37 in 1 Sensor Kit for Arduino contains 37 different sensors which you can use to measure physical quantities.</p>", "rank": 100, "hide_shop": false, "hide_ads": false, "updated_at": "2020-05-31T08:36:11.863Z", "created_at": "2020-05-23T11:45:10.916Z"}}, {"model": "ecommerce.product", "pk": "2b17d7b7-1e3f-49b0-98d5-7b7c49c3befc", "fields": {"github": "microcontrollers/arduino-microcontrollers/arduino-mega", "slug": "arduino-microcontrollers/arduino-mega", "category": "862e3fe9-8415-4686-b864-36a2e99918df", "sub_category": "e0db7c40-dc79-47ef-ad44-02002b187008", "sku": "arduino-mega", "name": "Arduino Mega 2560 Microcontroller Board", "shortname": "Arduino Mega", "description": "Select among SMD vs DIP and Made in India vs Made in China boards.", "title": "Arduino Mega Buy Online in India at Best Price - noobtronics", "meta_description": "Arduino Mega is the advanced version of Arduino Uno microcontroller board based on ATmega2560 IC. Purchase now with free delivery and cash on delivery options all over India.", "keywords": "arduino mega, atmega2560, microcontroller board", "images": "{\n    \"mainimage\": {\n        \"jpg\": \"/storage/product/arduino-mega/arduino-mega-with-usb-cable.jpg\",\n        \"webp\": \"/storage/product/arduino-mega/arduino-mega-with-usb-cable.webp\",\n        \"alt\": \"Arduino Mega with USB Cable\",\n        \"id\": \"img50709837\"\n    },\n    \"data\": {\n        \"img50709837\": {\n            \"jpg\": \"/storage/product/arduino-mega/arduino-mega-with-usb-cable.jpg\",\n            \"webp\": \"/storage/product/arduino-mega/arduino-mega-with-usb-cable.webp\",\n            \"alt\": \"Arduino Mega with USB Cable\",\n            \"id\": \"img50709837\"\n        },\n        \"img5680199\": {\n            \"jpg\": \"/storage/product/arduino-mega/arduino-mega-dimension.jpg\",\n            \"webp\": \"/storage/product/arduino-mega/arduino-mega-dimension.webp\",\n            \"alt\": \"Dimensions of Arduino Mega in mm\",\n            \"id\": \"img5680199\"\n        },\n        \"img39971310\": {\n            \"jpg\": \"/storage/product/arduino-mega/arduino-mega-top-view.jpg\",\n            \"webp\": \"/storage/product/arduino-mega/arduino-mega-top-view.webp\",\n            \"alt\": \"Arduino Mega Top View\",\n            \"id\": \"img39971310\"\n        },\n        \"img62445796\": {\n            \"jpg\": \"/storage/product/arduino-mega/arduino-mega-bottom-view.jpg\",\n            \"webp\": \"/storage/product/arduino-mega/arduino-mega-bottom-view.webp\",\n            \"alt\": \"Arduino Mega Bottom View\",\n            \"id\": \"img62445796\"\n        },\n        \"img48107161\": {\n            \"jpg\": \"/storage/product/arduino-mega/2560-mega-pro-mini.jpg\",\n            \"webp\": \"/storage/product/arduino-mega/2560-mega-pro-mini.webp\",\n            \"alt\": \"Arduino Mega 2560 Pro Mini\",\n            \"id\": \"img48107161\"\n        }\n    }\n}", "markdown": "# Arduino Mega 2560 Microcontroller Board\n\n``` yaml\ntitle: \"Arduino Mega Buy Online in India at Best Price - noobtronics\"\nshortname: Arduino Mega\nmeta_description: Arduino Mega is the advanced version of Arduino Uno microcontroller board based on ATmega2560 IC. Purchase now with free delivery and cash on delivery options all over India.\nkeywords: arduino mega, atmega2560, microcontroller board\ntags: arduino-mega, arduino, atmega2560\n\n```\n\n``` yaml\ndescription: \n  - Select among SMD vs DIP and Made in India vs Made in China boards.\n```\n\n## Images\n<p float=\"left\">\n  <img alt=\"Arduino Mega with USB Cable\" \n       src=\"/storage/product/arduino-mega/arduino-mega-with-usb-cable.jpg\" width=\"280\" \n   />\n  <img alt=\"Dimensions of Arduino Mega in mm\" \n       src=\"/storage/product/arduino-mega/arduino-mega-dimension.jpg\" width=\"280\" \n   />\n  <img alt=\"Arduino Mega Top View\" \n       src=\"/storage/product/arduino-mega/arduino-mega-top-view.jpg\" width=\"280\" \n   />\n  <img alt=\"Arduino Mega Bottom View\" \n       src=\"/storage/product/arduino-mega/arduino-mega-bottom-view.jpg\" width=\"280\" \n   />\n  <img alt=\"Arduino Mega 2560 Pro Mini\" \n       src=\"/storage/product/arduino-mega/2560-mega-pro-mini.jpg\" width=\"280\" \n   />\n</p>\n\n``` yaml\nvariants:\n  - name: Mega\n    price: 300\n    cardname: 'Arduino Mega'\n    cardtitle: 'ATmega2560 \u03bcC'\n    image: 3\n    is_shop: true\n    in_stock: true\n  - name: Mega with USB\n    price: 300\n    cardname: 'Arduino Mega'\n    cardtitle: 'Arduino Mega with USB'\n    image: 1\n    is_shop: false\n    in_stock: true \n  - name: 2560 Pro Mini\n    price: 400\n    cardname: 'Arduino Mega Pro Mini'\n    cardtitle: 'ATmega2560 \u03bcC'\n    image: 5\n    is_shop: true\n    in_stock: true\n```\n\n## Table of contents\n1. [What is Arduino Mega ?](#What-is-Arduino-Mega)\n\n\n<a name=\"What-is-Arduino-Mega\"></a>\n## What is Arduino Mega ? \nArduino Mega is the \"Mega\" version of Arduino Uno. It is based on ATmega2560 microcontroller IC. If engineer face any shortage of I/O pins, flash memory on Arduino Uno they use Arduino Mega. All software code written for Uno will work with Mega without any issues.\n", "html": "\n\n\n\n\n\n<h2>Table of contents</h2>\n<ol>\n<li><a href=\"#What-is-Arduino-Mega\">What is Arduino Mega ?</a></li>\n</ol>\n<p><a name=\"What-is-Arduino-Mega\"></a></p>\n<h2>What is Arduino Mega ?</h2>\n<p>Arduino Mega is the \"Mega\" version of Arduino Uno. It is based on ATmega2560 microcontroller IC. If engineer face any shortage of I/O pins, flash memory on Arduino Uno they use Arduino Mega. All software code written for Uno will work with Mega without any issues.</p>", "rank": 100, "hide_shop": false, "hide_ads": false, "updated_at": "2020-05-31T08:36:04.934Z", "created_at": "2020-05-23T11:45:11.937Z"}}, {"model": "ecommerce.product", "pk": "548c5be6-c746-4aae-945c-bb93b96d9491", "fields": {"github": "microcontrollers/arduino-microcontrollers/arduino-nano", "slug": "arduino-microcontrollers/arduino-nano", "category": "862e3fe9-8415-4686-b864-36a2e99918df", "sub_category": "e0db7c40-dc79-47ef-ad44-02002b187008", "sku": "arduino-nano", "name": "Arduino Nano Microcontroller Board", "shortname": "Arduino Nano", "description": "Select among SMD vs DIP and Made in India vs Made in China boards.", "title": "Arduino Nano Buy Online in India at Best Price- noobtronics", "meta_description": "Arduino Nano is mini form of Arduino Uno Microcontroller Board based on ATmega328P IC. Purchase now with free delivery and cash on delivery options all over India.", "keywords": "arduino nano, atmega328, microcontroller board", "images": "{\n    \"mainimage\": {\n        \"jpg\": \"/storage/product/arduino-nano/arduino-nano-with-usb-cable.jpg\",\n        \"webp\": \"/storage/product/arduino-nano/arduino-nano-with-usb-cable.webp\",\n        \"alt\": \"Arduino Nano with USB Cable\",\n        \"id\": \"img92384101\"\n    },\n    \"data\": {\n        \"img92384101\": {\n            \"jpg\": \"/storage/product/arduino-nano/arduino-nano-with-usb-cable.jpg\",\n            \"webp\": \"/storage/product/arduino-nano/arduino-nano-with-usb-cable.webp\",\n            \"alt\": \"Arduino Nano with USB Cable\",\n            \"id\": \"img92384101\"\n        },\n        \"img77858140\": {\n            \"jpg\": \"/storage/product/arduino-nano/arduino-nano-top-side.jpg\",\n            \"webp\": \"/storage/product/arduino-nano/arduino-nano-top-side.webp\",\n            \"alt\": \"Arduino Nano Top Side View\",\n            \"id\": \"img77858140\"\n        },\n        \"img22260007\": {\n            \"jpg\": \"/storage/product/arduino-nano/arduino-nano-bottom-side.jpg\",\n            \"webp\": \"/storage/product/arduino-nano/arduino-nano-bottom-side.webp\",\n            \"alt\": \"Arduino Nano Bottom Side View\",\n            \"id\": \"img22260007\"\n        },\n        \"img46520905\": {\n            \"jpg\": \"/storage/product/arduino-nano/arduino-nano-in-hand.jpg\",\n            \"webp\": \"/storage/product/arduino-nano/arduino-nano-in-hand.webp\",\n            \"alt\": \"Arduino Nano in Hand representing how small it is\",\n            \"id\": \"img46520905\"\n        }\n    }\n}", "markdown": "# Arduino Nano Microcontroller Board\n\n``` yaml\ntitle: \"Arduino Nano Buy Online in India at Best Price- noobtronics\"\nshortname: Arduino Nano\nmeta_description: Arduino Nano is mini form of Arduino Uno Microcontroller Board based on ATmega328P IC. Purchase now with free delivery and cash on delivery options all over India.\nkeywords: arduino nano, atmega328, microcontroller board\ntags: arduino-nano, arduino, atmega328p\n\n```\n\n## Images\n<p float=\"left\">\n  <img alt=\"Arduino Nano with USB Cable\" \n       src=\"/storage/product/arduino-nano/arduino-nano-with-usb-cable.jpg\" width=\"280\" \n   />\n  <img alt=\"Arduino Nano Top Side View\" \n       src=\"/storage/product/arduino-nano/arduino-nano-top-side.jpg\" width=\"280\" \n   />\n  <img alt=\"Arduino Nano Bottom Side View\" \n       src=\"/storage/product/arduino-nano/arduino-nano-bottom-side.jpg\" width=\"280\" \n   />\n    <img alt=\"Arduino Nano in Hand representing how small it is\" \n       src=\"/storage/product/arduino-nano/arduino-nano-in-hand.jpg\" width=\"280\" \n   />\n  \n</p>\n\n``` yaml\nvariants:\n  - name: Without Cable\n    price: 300\n    cardname: 'Arduino Nano'\n    cardtitle: 'ATmega328P \u03bcC'\n    image: 1\n    is_shop: true\n    in_stock: true\n  - name: With Cable\n    price: 330\n    cardname: 'Arduino Nano'\n    cardtitle: 'ATmega328P \u03bcC'\n    image: 1\n    is_shop: false\n    in_stock: true\n```\n\n## Table of contents\n1. [What is Arduino Nano ?](#What-is-Arduino-Nano)\n\n<a name=\"What-is-Arduino-Nano\"></a>\n## What is Arduino Nano ? \nArduino Nano is miniature form of Arduino Uno. You can use it in place of Arduino Uno to decrease space occupied by the microcontroller board. It runs on same ATmega328P IC. \n", "html": "\n\n\n\n\n<h2>Table of contents</h2>\n<ol>\n<li><a href=\"#What-is-Arduino-Nano\">What is Arduino Nano ?</a></li>\n</ol>\n<p><a name=\"What-is-Arduino-Nano\"></a></p>\n<h2>What is Arduino Nano ?</h2>\n<p>Arduino Nano is miniature form of Arduino Uno. You can use it in place of Arduino Uno to decrease space occupied by the microcontroller board. It runs on same ATmega328P IC. </p>", "rank": 100, "hide_shop": false, "hide_ads": false, "updated_at": "2020-05-31T08:36:13.003Z", "created_at": "2020-05-23T11:45:11.944Z"}}, {"model": "ecommerce.product", "pk": "610e6946-8e2d-425f-a14a-d325930c4ef6", "fields": {"github": "kits/arduino-kits/arduino-starter-kit", "slug": "arduino-kits/arduino-starter-kit", "category": "bf7e6a5b-3cfc-4fdc-8a5f-b13999c2f125", "sub_category": "d51a0ed5-7b46-401b-a8d4-96535c049a3b", "sku": "arduino-starter-kit", "name": "Arduino Starter Kit", "shortname": "Arduino Starter Kit", "description": "Select among SMD vs DIP and Made in India vs Made in China boards.", "title": "Arduino Starter Kit Buy Online in India at Best Price - noobtronics", "meta_description": "Arduino Starter Kit is all in one solution containing Arduino Uno, Sensors and Electronic Components to get started with Arduino Programming. Purchase now with free delivery and cash on delivery options all over India.", "keywords": "arduino starter kit, arduino uno, electronic kit", "images": "{\n    \"mainimage\": {\n        \"jpg\": \"/storage/product/arduino-starter-kit/arduino-starter-kit.jpg\",\n        \"webp\": \"/storage/product/arduino-starter-kit/arduino-starter-kit.webp\",\n        \"alt\": \"Arduino Starter Kit for Beginners\",\n        \"id\": \"img10500360\"\n    },\n    \"data\": {\n        \"img10500360\": {\n            \"jpg\": \"/storage/product/arduino-starter-kit/arduino-starter-kit.jpg\",\n            \"webp\": \"/storage/product/arduino-starter-kit/arduino-starter-kit.webp\",\n            \"alt\": \"Arduino Starter Kit for Beginners\",\n            \"id\": \"img10500360\"\n        }\n    }\n}", "markdown": "# Arduino Starter Kit\n\n``` yaml\ntitle: \"Arduino Starter Kit Buy Online in India at Best Price - noobtronics\"\nshortname: Arduino Starter Kit\nmeta_description: Arduino Starter Kit is all in one solution containing Arduino Uno, Sensors and Electronic Components to get started with Arduino Programming. Purchase now with free delivery and cash on delivery options all over India.\nkeywords: arduino starter kit, arduino uno, electronic kit\ntags: arduino-kit, arduino\n\n```\n\n\n## Images\n<p float=\"left\">\n  <img alt=\"Arduino Starter Kit for Beginners\" \n       src=\"/storage/product/arduino-starter-kit/arduino-starter-kit.jpg\" width=\"280\" \n   />\n</p>\n\n``` yaml\nvariants:\n  - name: Basic Kit\n    price: 1200\n    cardname: Arduino Starter Kit\n    cardtitle: 'For Beginners'\n    image: 1\n    is_shop: true\n    in_stock: true\n  - name: IOT Kit\n    price: 1700\n    cardname: Arduino Starter Kit\n    cardtitle: 'For IOT Beginners'\n    image: 1\n    is_shop: true\n    in_stock: true\n```\n\n## Table of contents\n1. [What is Arduino Starter Kit ?](#What-is-Arduino-Starter-Kit)\n\n\n<a name=\"What-is-Arduino-Starter-Kit\"></a>\n## What is Arduino Starter Kit ? \nArduino Starter Kit is best for getting started with Arduino UNO. It includes all components to learn and experiment main Arduino Functionality.\n", "html": "\n\n\n\n\n<h2>Table of contents</h2>\n<ol>\n<li><a href=\"#What-is-Arduino-Starter-Kit\">What is Arduino Starter Kit ?</a></li>\n</ol>\n<p><a name=\"What-is-Arduino-Starter-Kit\"></a></p>\n<h2>What is Arduino Starter Kit ?</h2>\n<p>Arduino Starter Kit is best for getting started with Arduino UNO. It includes all components to learn and experiment main Arduino Functionality.</p>", "rank": 100, "hide_shop": false, "hide_ads": false, "updated_at": "2020-05-31T08:36:07.259Z", "created_at": "2020-05-23T11:45:10.923Z"}}, {"model": "ecommerce.product", "pk": "7eeae66a-e84f-4709-bede-8bb089e531d5", "fields": {"github": "microcontrollers/arduino-microcontrollers/arduino-pro-mini", "slug": "arduino-microcontrollers/arduino-pro-mini", "category": "862e3fe9-8415-4686-b864-36a2e99918df", "sub_category": "e0db7c40-dc79-47ef-ad44-02002b187008", "sku": "arduino-pro-mini", "name": "Arduino Pro Mini Microcontroller Board", "shortname": "Arduino Pro Mini", "description": "Select among SMD vs DIP and Made in India vs Made in China boards.", "title": "Arduino Pro Mini Buy Online in India at Best Price - noobtronics", "meta_description": "Arduino Pro Mini is low priced board with minimal setup required to run Arduino Code. Purchase now with free delivery and cash on delivery options all over India.", "keywords": "arduino pro mini, atmega328, microcontroller board", "images": "{\n    \"mainimage\": {\n        \"jpg\": \"/storage/product/arduino-pro-mini/arduino-pro-mini.jpg\",\n        \"webp\": \"/storage/product/arduino-pro-mini/arduino-pro-mini.webp\",\n        \"alt\": \"Arduino Pro Mini Microcontroller Board\",\n        \"id\": \"img42460477\"\n    },\n    \"data\": {\n        \"img42460477\": {\n            \"jpg\": \"/storage/product/arduino-pro-mini/arduino-pro-mini.jpg\",\n            \"webp\": \"/storage/product/arduino-pro-mini/arduino-pro-mini.webp\",\n            \"alt\": \"Arduino Pro Mini Microcontroller Board\",\n            \"id\": \"img42460477\"\n        },\n        \"img45556591\": {\n            \"jpg\": \"/storage/product/arduino-pro-mini/arduino-pro-mini-dimension.jpg\",\n            \"webp\": \"/storage/product/arduino-pro-mini/arduino-pro-mini-dimension.webp\",\n            \"alt\": \"Dimension of Arduino Pro Mini\",\n            \"id\": \"img45556591\"\n        }\n    }\n}", "markdown": "# Arduino Pro Mini Microcontroller Board\n\n``` yaml\ntitle: \"Arduino Pro Mini Buy Online in India at Best Price - noobtronics\"\nshortname: Arduino Pro Mini\nmeta_description: Arduino Pro Mini is low priced board with minimal setup required to run Arduino Code. Purchase now with free delivery and cash on delivery options all over India.\nkeywords: arduino pro mini, atmega328, microcontroller board\ntags: arduino-pro-mini, arduino, atmega328p\n\n```\n\n``` yaml\ndescription: \n  - Select among SMD vs DIP and Made in India vs Made in China boards.\n```\n\n## Images\n<p float=\"left\">\n  <img alt=\"Arduino Pro Mini Microcontroller Board\" \n       src=\"/storage/product/arduino-pro-mini/arduino-pro-mini.jpg\" width=\"280\" \n   />\n  <img alt=\"Dimension of Arduino Pro Mini\" \n       src=\"/storage/product/arduino-pro-mini/arduino-pro-mini-dimension.jpg\" width=\"280\" \n   />\n</p>\n\n``` yaml\nvariants:\n  - name: 5V Pro Mini\n    price: 300\n    cardname: 'Pro Mini'\n    cardtitle: 'ATmega328P uC'\n    image: 1\n    is_shop: true\n    in_stock: true\n```\n\n## Table of contents\n1. [What is Arduino Pro Mini ?](#What-is-Arduino-Pro-Mini)\n\n\n<a name=\"What-is-Arduino-Pro-Mini\"></a>\n## What is Arduino Pro Mini ?\nArduino Pro Mini is low priced board with minimal setup required to run Arduino Code.\n", "html": "\n\n\n\n\n\n<h2>Table of contents</h2>\n<ol>\n<li><a href=\"#What-is-Arduino-Pro-Mini\">What is Arduino Pro Mini ?</a></li>\n</ol>\n<p><a name=\"What-is-Arduino-Pro-Mini\"></a></p>\n<h2>What is Arduino Pro Mini ?</h2>\n<p>Arduino Pro Mini is low priced board with minimal setup required to run Arduino Code.</p>", "rank": 100, "hide_shop": false, "hide_ads": false, "updated_at": "2020-05-31T08:36:14.117Z", "created_at": "2020-05-23T11:45:11.950Z"}}, {"model": "ecommerce.product", "pk": "89764b95-2e3a-4489-a548-4a24ed87f451", "fields": {"github": "microcontrollers/arduino-microcontrollers/smartduino-uno", "slug": "arduino-microcontrollers/smartduino-uno", "category": "862e3fe9-8415-4686-b864-36a2e99918df", "sub_category": "e0db7c40-dc79-47ef-ad44-02002b187008", "sku": "smartduino-uno", "name": "Smartduino Uno - ATmega328PB Based Microcontroller Board", "shortname": "Smartduino Uno", "description": "Select among SMD vs DIP and Made in India vs Made in China boards.", "title": "Smartduino Uno Buy Online in India - noobtronics", "meta_description": "Smartduino Uno is Arduino Board based on ATmega328PB microcontroller IC. Smartduino is smarter than Arduino Uno.", "keywords": "smartduino uno, atmega328pb, microcontroller board", "images": "{\n    \"mainimage\": {\n        \"jpg\": \"/storage/product/smartduino-uno/smartduino-uno-with-usb-cable.jpg\",\n        \"webp\": \"/storage/product/smartduino-uno/smartduino-uno-with-usb-cable.webp\",\n        \"alt\": \"Smartduino Uno with USB Cable\",\n        \"id\": \"img87549947\"\n    },\n    \"data\": {\n        \"img87549947\": {\n            \"jpg\": \"/storage/product/smartduino-uno/smartduino-uno-with-usb-cable.jpg\",\n            \"webp\": \"/storage/product/smartduino-uno/smartduino-uno-with-usb-cable.webp\",\n            \"alt\": \"Smartduino Uno with USB Cable\",\n            \"id\": \"img87549947\"\n        },\n        \"img4550706\": {\n            \"jpg\": \"/storage/product/smartduino-uno/smarduino-uno-atmega328pb-board.jpg\",\n            \"webp\": \"/storage/product/smartduino-uno/smarduino-uno-atmega328pb-board.webp\",\n            \"alt\": \"Smartduino - ATmega328PB Based Microcontroller Board\",\n            \"id\": \"img4550706\"\n        }\n    }\n}", "markdown": "# Smartduino Uno - ATmega328PB Based Microcontroller Board\n\n``` yaml\ntitle: \"Smartduino Uno Buy Online in India - noobtronics\"\nshortname: Smartduino Uno\nmeta_description: Smartduino Uno is Arduino Board based on ATmega328PB microcontroller IC. Smartduino is smarter than Arduino Uno.\nkeywords: smartduino uno, atmega328pb, microcontroller board\ntags: smartduino-uno, arduino, atmega328pb\n\n```\n\n``` yaml\ndescription: \n  - Select among SMD vs DIP and Made in India vs Made in China boards.\n```\n\n## Images\n<p float=\"left\">\n  <img alt=\"Smartduino Uno with USB Cable\" \n       src=\"/storage/product/smartduino-uno/smartduino-uno-with-usb-cable.jpg\" width=\"280\" \n   />\n  \n  <img alt=\"Smartduino - ATmega328PB Based Microcontroller Board\" \n       src=\"/storage/product/smartduino-uno/smarduino-uno-atmega328pb-board.jpg\" width=\"280\" \n   />\n</p>\n\n``` yaml\nvariants:\n  - name: Smartduino Uno\n    price: 300\n    cardname: Smartduino Uno\n    cardtitle: 'ATmega328PB uC'\n    image: 2\n    is_shop: true\n    in_stock: true\n```\n\n## Table of contents\n1. [What is Smartduino Uno ?](#What-is-Smartduino-Uno)\n\n<a name=\"What-is-Arduino-Uno\"></a>\n## What is Smartduino Uno ? \nSmartduino Uno is an Arduino board. It uses ATmega328PB IC which is upgraded version of ATmega328P bringing more peripherals like UART, SPI, I2C. You can replace Arduino Uno with Smartduino Uno to get more peripherals.\n\n\n", "html": "\n\n\n\n\n\n<h2>Table of contents</h2>\n<ol>\n<li><a href=\"#What-is-Smartduino-Uno\">What is Smartduino Uno ?</a></li>\n</ol>\n<p><a name=\"What-is-Arduino-Uno\"></a></p>\n<h2>What is Smartduino Uno ?</h2>\n<p>Smartduino Uno is an Arduino board. It uses ATmega328PB IC which is upgraded version of ATmega328P bringing more peripherals like UART, SPI, I2C. You can replace Arduino Uno with Smartduino Uno to get more peripherals.</p>", "rank": 100, "hide_shop": false, "hide_ads": false, "updated_at": "2020-05-31T08:36:10.749Z", "created_at": "2020-05-23T11:45:11.961Z"}}, {"model": "ecommerce.product", "pk": "b4158122-9837-4477-a649-1fb4f3419a1b", "fields": {"github": "microcontrollers/espressif-microcontrollers/esp32", "slug": "espressif-microcontrollers/esp32", "category": "862e3fe9-8415-4686-b864-36a2e99918df", "sub_category": "0da7b5a5-d2c6-4220-8c3a-f83e4d8e2f12", "sku": "esp32", "name": "ESP32 Microcontroller Board", "shortname": "ESP32", "description": "Select among SMD vs DIP and Made in India vs Made in China boards.", "title": "ESP32 Buy Online in India at Best Price - noobtronics", "meta_description": "ESP32 is advance version of ESP8266 supports Wifi. Purchase now with free delivery and cash on delivery options all over India.", "keywords": "esp32, espressif, microcontroller board", "images": "{\n    \"mainimage\": {\n        \"jpg\": \"/storage/product/esp32/esp32-microcontroller.jpg\",\n        \"webp\": \"/storage/product/esp32/esp32-microcontroller.webp\",\n        \"alt\": \"ESP32 Wifi Microcontroller Board\",\n        \"id\": \"img98050766\"\n    },\n    \"data\": {\n        \"img98050766\": {\n            \"jpg\": \"/storage/product/esp32/esp32-microcontroller.jpg\",\n            \"webp\": \"/storage/product/esp32/esp32-microcontroller.webp\",\n            \"alt\": \"ESP32 Wifi Microcontroller Board\",\n            \"id\": \"img98050766\"\n        }\n    }\n}", "markdown": "# ESP32 Microcontroller Board\n\n``` yaml\ntitle: \"ESP32 Buy Online in India at Best Price - noobtronics\"\nshortname: ESP32\nmeta_description: ESP32 is advance version of ESP8266 supports Wifi. Purchase now with free delivery and cash on delivery options all over India.\nkeywords: esp32, espressif, microcontroller board\ntags: esp32, espressif\n\n```\n\n``` yaml\ndescription: \n  - Select among SMD vs DIP and Made in India vs Made in China boards.\n```\n\n## Images\n<p float=\"left\">\n  <img alt=\"ESP32 Wifi Microcontroller Board\" \n       src=\"/storage/product/esp32/esp32-microcontroller.jpg\" width=\"280\" \n   />\n</p>\n\n``` yaml\nvariants:\n  - name: Development Board\n    price: 300\n    cardname: 'ESP32'\n    cardtitle: 'Wifi Microcontroller'\n    image: 1\n    is_shop: true\n    in_stock: true\n```\n\n## Table of contents\n1. [What is ESP32 ?](#What-is-ESP32)\n\n\n<a name=\"What-is-ESP32\"></a>\n## What is ESP32 ?\nESESP32 is advance version of ESP8266 supports Wifi.\n", "html": "\n\n\n\n\n\n<h2>Table of contents</h2>\n<ol>\n<li><a href=\"#What-is-ESP32\">What is ESP32 ?</a></li>\n</ol>\n<p><a name=\"What-is-ESP32\"></a></p>\n<h2>What is ESP32 ?</h2>\n<p>ESESP32 is advance version of ESP8266 supports Wifi.</p>", "rank": 100, "hide_shop": false, "hide_ads": false, "updated_at": "2020-05-31T08:36:09.615Z", "created_at": "2020-05-23T11:45:12.296Z"}}, {"model": "ecommerce.product", "pk": "b913b8ec-2f69-44cc-9865-02b0b312eb11", "fields": {"github": "modules/bluetooth-modules/hm-10", "slug": "bluetooth-modules/hm-10", "category": "75fa7b3e-d9fb-4d9c-b126-78d442ef2ccc", "sub_category": "08cf3922-3dc3-4251-ade0-47aa36ccadc1", "sku": "hm-10", "name": "HM 10 Bluetooth Module", "shortname": "HM-10", "description": "Select among SMD vs DIP and Made in India vs Made in China boards.", "title": "HM 10 Buy Online in India at Best Price - noobtronics", "meta_description": "HM 10 is a Bluetooth Module Based on CC2541 microcontroller. Purchase now with free delivery and cash on delivery options all over India.", "keywords": "ble, hm 10, bluetooth module", "images": "{\n    \"mainimage\": {\n        \"jpg\": \"/storage/product/hm-10-bluetooth-module/hm-10-bluetooth-module.jpg\",\n        \"webp\": \"/storage/product/hm-10-bluetooth-module/hm-10-bluetooth-module.webp\",\n        \"alt\": \"HM 10 Bluetooth Module\",\n        \"id\": \"img83709478\"\n    },\n    \"data\": {\n        \"img83709478\": {\n            \"jpg\": \"/storage/product/hm-10-bluetooth-module/hm-10-bluetooth-module.jpg\",\n            \"webp\": \"/storage/product/hm-10-bluetooth-module/hm-10-bluetooth-module.webp\",\n            \"alt\": \"HM 10 Bluetooth Module\",\n            \"id\": \"img83709478\"\n        },\n        \"img4132085\": {\n            \"jpg\": \"/storage/product/hm-10-bluetooth-module/hm-10-bluetooth-module-at-09-6-pin.jpg\",\n            \"webp\": \"/storage/product/hm-10-bluetooth-module/hm-10-bluetooth-module-at-09-6-pin.webp\",\n            \"alt\": \"6 Pin HM 10 Bluetooth Module AT-09\",\n            \"id\": \"img4132085\"\n        },\n        \"img4825719\": {\n            \"jpg\": \"/storage/product/hm-10-bluetooth-module/hm-10-cc2541-module.jpg\",\n            \"webp\": \"/storage/product/hm-10-bluetooth-module/hm-10-cc2541-module.webp\",\n            \"alt\": \"HM 10 CC2541 Bluetooth Module\",\n            \"id\": \"img4825719\"\n        },\n        \"img50076110\": {\n            \"jpg\": \"/storage/product/hm-10-bluetooth-module/hm-10-pinout.jpg\",\n            \"webp\": \"/storage/product/hm-10-bluetooth-module/hm-10-pinout.webp\",\n            \"alt\": \"Pin Details of HM 10 Module for Arduino\",\n            \"id\": \"img50076110\"\n        }\n    }\n}", "markdown": "# HM 10 Bluetooth Module\t\n\n``` yaml\ntitle: \"HM 10 Buy Online in India at Best Price - noobtronics\"\nshortname: HM-10\nmeta_description: HM 10 is a Bluetooth Module Based on CC2541 microcontroller. Purchase now with free delivery and cash on delivery options all over India.\nkeywords: ble, hm 10, bluetooth module\ntags: hm-10, modules, bluetooth-module\n\n```\n\n\n## Images\n<p float=\"left\">\n  <img alt=\"HM 10 Bluetooth Module\" \n       src=\"/storage/product/hm-10-bluetooth-module/hm-10-bluetooth-module.jpg\" width=\"280\" \n   />\n  <img alt=\"6 Pin HM 10 Bluetooth Module AT-09\" \n       src=\"/storage/product/hm-10-bluetooth-module/hm-10-bluetooth-module-at-09-6-pin.jpg\" width=\"280\" \n   />\n  <img alt=\"HM 10 CC2541 Bluetooth Module\" \n       src=\"/storage/product/hm-10-bluetooth-module/hm-10-cc2541-module.jpg\" width=\"280\" \n   />\n  <img alt=\"Pin Details of HM 10 Module for Arduino\" \n       src=\"/storage/product/hm-10-bluetooth-module/hm-10-pinout.jpg\" width=\"280\" \n   />\n</p>\n\n``` yaml\nvariants:\n  - name: HM-10\n    price: 300\n    cardname: 'HM 10'\n    cardtitle: 'Bluetooth 4.0 Module'\n    image: 1\n    is_shop: true\n    in_stock: true\n```\n\n## Table of contents\n1. [What is HM 10 Bluetooth Module ?](#What-is-HM-10-Bluetooth-Module)\n\n<a name=\"What-is-HM-10-Bluetooth-Module\"></a>\n## What is HM 10 Bluetooth Module ? \nHM 10 is a Bluetooth 4.0 Module Based on CC2541 microcontroller. You can use it to add bluetooth connectivity to Arduino or Raspberry Pi. You can also program it to work standalone and controll it using Android or iOS App via Bluetooth.\n", "html": "\n\n\n\n\n<h2>Table of contents</h2>\n<ol>\n<li><a href=\"#What-is-HM-10-Bluetooth-Module\">What is HM 10 Bluetooth Module ?</a></li>\n</ol>\n<p><a name=\"What-is-HM-10-Bluetooth-Module\"></a></p>\n<h2>What is HM 10 Bluetooth Module ?</h2>\n<p>HM 10 is a Bluetooth 4.0 Module Based on CC2541 microcontroller. You can use it to add bluetooth connectivity to Arduino or Raspberry Pi. You can also program it to work standalone and controll it using Android or iOS App via Bluetooth.</p>", "rank": 100, "hide_shop": false, "hide_ads": false, "updated_at": "2020-05-31T08:36:02.465Z", "created_at": "2020-05-23T11:45:13.171Z"}}, {"model": "ecommerce.product", "pk": "cdf12acf-c847-486f-83fc-07a402978392", "fields": {"github": "modules/radio-modules/nrf24l01", "slug": "radio-modules/nrf24l01", "category": "75fa7b3e-d9fb-4d9c-b126-78d442ef2ccc", "sub_category": "33e64390-468a-4e1f-8706-969993768649", "sku": "nrf24l01", "name": "nRF24L01 2.4GHz Wireless Transceiver Module", "shortname": "nRF24L01", "description": "Select among SMD vs DIP and Made in India vs Made in China boards.", "title": "nRF24L01 Buy Online in India at Best Price - noobtronics", "meta_description": "nRF24L01 is 2.4Ghz Wireless Transceiver Module used for Wireless Communication using 2.4Ghz Radio Waves. Purchase now with free delivery and cash on delivery options all over India.", "keywords": "nRF24L01, radio module, 2.4Ghz", "images": "{\n    \"mainimage\": {\n        \"jpg\": \"/storage/product/nRF24L01/nRF24L01.jpg\",\n        \"webp\": \"/storage/product/nRF24L01/nRF24L01.webp\",\n        \"alt\": \"nRF24L01 2.4Ghz Radio Module\",\n        \"id\": \"img40733818\"\n    },\n    \"data\": {\n        \"img40733818\": {\n            \"jpg\": \"/storage/product/nRF24L01/nRF24L01.jpg\",\n            \"webp\": \"/storage/product/nRF24L01/nRF24L01.webp\",\n            \"alt\": \"nRF24L01 2.4Ghz Radio Module\",\n            \"id\": \"img40733818\"\n        },\n        \"img1825442\": {\n            \"jpg\": \"/storage/product/nRF24L01/nRF24L01-dimension.jpg\",\n            \"webp\": \"/storage/product/nRF24L01/nRF24L01-dimension.webp\",\n            \"alt\": \"Dimensions of nRF24L01 module for Arduino\",\n            \"id\": \"img1825442\"\n        },\n        \"img3197510\": {\n            \"jpg\": \"/storage/product/nRF24L01/nRF24L01-smd-module.jpg\",\n            \"webp\": \"/storage/product/nRF24L01/nRF24L01-smd-module.webp\",\n            \"alt\": \"nRF24L01+ SMD Module\",\n            \"id\": \"img3197510\"\n        },\n        \"img32926745\": {\n            \"jpg\": \"/storage/product/nRF24L01/nRF24L01-smd-module-dimension.jpg\",\n            \"webp\": \"/storage/product/nRF24L01/nRF24L01-smd-module-dimension.webp\",\n            \"alt\": \"Dimensions of nRF24L01+ SMD Module\",\n            \"id\": \"img32926745\"\n        }\n    }\n}", "markdown": "# nRF24L01 2.4GHz Wireless Transceiver Module\n\n``` yaml\ntitle: \"nRF24L01 Buy Online in India at Best Price - noobtronics\"\nshortname: nRF24L01\nmeta_description: nRF24L01 is 2.4Ghz Wireless Transceiver Module used for Wireless Communication using 2.4Ghz Radio Waves. Purchase now with free delivery and cash on delivery options all over India.\nkeywords: nRF24L01, radio module, 2.4Ghz\ntags: nRF24L01, radio-module, 2.4Ghz\n\n```\n\n\n## Images\n<p float=\"left\">\n  <img alt=\"nRF24L01 2.4Ghz Radio Module\" \n       src=\"/storage/product/nRF24L01/nRF24L01.jpg\" width=\"280\" \n   />\n  <img alt=\"Dimensions of nRF24L01 module for Arduino\" \n       src=\"/storage/product/nRF24L01/nRF24L01-dimension.jpg\" width=\"280\" \n   />\n  <img alt=\"nRF24L01+ SMD Module\" \n       src=\"/storage/product/nRF24L01/nRF24L01-smd-module.jpg\" width=\"280\" \n   />\n  <img alt=\"Dimensions of nRF24L01+ SMD Module\" \n       src=\"/storage/product/nRF24L01/nRF24L01-smd-module-dimension.jpg\" width=\"280\" \n   />\n</p>\n\n``` yaml\nvariants:\n  - name: nRF24L01+\n    price: 300\n    cardname: 'nRF24L01+'\n    cardtitle: '2.4Ghz Radio Module'\n    image: 1\n    is_shop: true\n    in_stock: true\n  - name: nRF24L01+ SMD Module\n    price: 300\n    cardname: 'nRF24L01+ SMD'\n    cardtitle: '2.4Ghz Radio Module'\n    image: 3\n    is_shop: true\n    in_stock: false\n```\n\n## Table of contents\n1. [What is nRF24L01 ?](#What-is-nRF24L01)\n\n<a name=\"What-is-nRF24L01\"></a>\n## What is nRF24L01 ? \nnRF24L01 is Radio Module used for Wireless Communication using 2.4Ghz Radio Signals. It is used for both transmitting and receiving signals. You can integrate it with Arduino or Raspberry Pi using SPI interface.\n", "html": "\n\n\n\n\n<h2>Table of contents</h2>\n<ol>\n<li><a href=\"#What-is-nRF24L01\">What is nRF24L01 ?</a></li>\n</ol>\n<p><a name=\"What-is-nRF24L01\"></a></p>\n<h2>What is nRF24L01 ?</h2>\n<p>nRF24L01 is Radio Module used for Wireless Communication using 2.4Ghz Radio Signals. It is used for both transmitting and receiving signals. You can integrate it with Arduino or Raspberry Pi using SPI interface.</p>", "rank": 100, "hide_shop": false, "hide_ads": false, "updated_at": "2020-05-31T08:36:15.106Z", "created_at": "2020-05-23T11:45:13.577Z"}}, {"model": "ecommerce.product", "pk": "e8526613-aa55-470c-b405-0e0c59cce666", "fields": {"github": "modules/wifi-modules/esp-01", "slug": "wifi-modules/esp-01", "category": "75fa7b3e-d9fb-4d9c-b126-78d442ef2ccc", "sub_category": "895b088b-892a-4ad1-9dc2-5f5b19e03717", "sku": "esp-01", "name": "ESP 01 Wifi Module", "shortname": "ESP 01", "description": "Select among SMD vs DIP and Made in India vs Made in China boards.", "title": "ESP 01 Buy Online in India at Best Price - noobtronics", "meta_description": "ESP 01 is a Wifi Module Based on ESP8266 microcontroller. Purchase now with free delivery and cash on delivery options all over India.", "keywords": "esp-01, esp8266, wifi module", "images": "{\n    \"mainimage\": {\n        \"jpg\": \"/storage/product/esp-01/esp-01.jpg\",\n        \"webp\": \"/storage/product/esp-01/esp-01.webp\",\n        \"alt\": \"ESP 01 Wifi Module\",\n        \"id\": \"img88420710\"\n    },\n    \"data\": {\n        \"img88420710\": {\n            \"jpg\": \"/storage/product/esp-01/esp-01.jpg\",\n            \"webp\": \"/storage/product/esp-01/esp-01.webp\",\n            \"alt\": \"ESP 01 Wifi Module\",\n            \"id\": \"img88420710\"\n        },\n        \"img30284847\": {\n            \"jpg\": \"/storage/product/esp-01/esp-01-top-view.jpg\",\n            \"webp\": \"/storage/product/esp-01/esp-01-top-view.webp\",\n            \"alt\": \"Top View of ESP8266 based ESP 01\",\n            \"id\": \"img30284847\"\n        },\n        \"img43760157\": {\n            \"jpg\": \"/storage/product/esp-01/esp-01-dimension.jpg\",\n            \"webp\": \"/storage/product/esp-01/esp-01-dimension.webp\",\n            \"alt\": \"Dimensions of ESP 01\",\n            \"id\": \"img43760157\"\n        },\n        \"img74415185\": {\n            \"jpg\": \"/storage/product/esp-01/esp-01-pinout.jpg\",\n            \"webp\": \"/storage/product/esp-01/esp-01-pinout.webp\",\n            \"alt\": \"ESP 01 Pin Configuration\",\n            \"id\": \"img74415185\"\n        }\n    }\n}", "markdown": "# ESP 01 Wifi Module\n\n``` yaml\ntitle: \"ESP 01 Buy Online in India at Best Price - noobtronics\"\nshortname: ESP 01\nmeta_description: ESP 01 is a Wifi Module Based on ESP8266 microcontroller. Purchase now with free delivery and cash on delivery options all over India.\nkeywords: esp-01, esp8266, wifi module\ntags: esp-01, modules, wifi-module\n```\n\n\n## Images\n<p float=\"left\">\n  <img alt=\"ESP 01 Wifi Module\" \n       src=\"/storage/product/esp-01/esp-01.jpg\" width=\"280\" \n   />\n  <img alt=\"Top View of ESP8266 based ESP 01\" \n       src=\"/storage/product/esp-01/esp-01-top-view.jpg\" width=\"280\" \n   />\n  <img alt=\"Dimensions of ESP 01\" \n       src=\"/storage/product/esp-01/esp-01-dimension.jpg\" width=\"280\" \n   />\n  <img alt=\"ESP 01 Pin Configuration\" \n       src=\"/storage/product/esp-01/esp-01-pinout.jpg\" width=\"280\" \n   />\n</p>\n\n``` yaml\nvariants:\n  - name: ESP-01\n    price: 150\n    cardname: 'ESP 01'\n    cardtitle: 'Wifi Module'\n    image: 1\n    is_shop: true\n    in_stock: true\n```\n\n## Table of contents\n1. [What is ESP 01?](#What-is-ESP-01)\n\n<a name=\"What-is-ESP-01\"></a>\n## What is ESP 01 ? \nESP 01 is a Wifi Module Based on ESP8266 microcontroller.\n", "html": "\n\n\n\n\n<h2>Table of contents</h2>\n<ol>\n<li><a href=\"#What-is-ESP-01\">What is ESP 01?</a></li>\n</ol>\n<p><a name=\"What-is-ESP-01\"></a></p>\n<h2>What is ESP 01 ?</h2>\n<p>ESP 01 is a Wifi Module Based on ESP8266 microcontroller.</p>", "rank": 100, "hide_shop": false, "hide_ads": false, "updated_at": "2020-05-31T08:36:03.782Z", "created_at": "2020-05-23T11:45:13.986Z"}}, {"model": "ecommerce.product", "pk": "fd891514-0bc7-4e84-bf90-8a518c107b1d", "fields": {"github": "microcontrollers/arduino-microcontrollers/arduino-uno", "slug": "arduino-microcontrollers/arduino-uno", "category": "862e3fe9-8415-4686-b864-36a2e99918df", "sub_category": "e0db7c40-dc79-47ef-ad44-02002b187008", "sku": "arduino-uno", "name": "Arduino Uno Microcontroller Board with USB Cable", "shortname": "Arduino Uno", "description": "Select among SMD vs DIP and Made in India vs Made in China boards.", "title": "Arduino Uno Buy Online in India at Best Price - noobtronics", "meta_description": "Arduino Uno is famous microcontroller board based on ATmega328P IC. Purchase now with free delivery and cash on delivery options all over India.", "keywords": "arduino uno, atmega328, microcontroller board", "images": "{\n    \"mainimage\": {\n        \"jpg\": \"/storage/product/arduino-uno/arduino-uno-dip-with-usb-cable.jpg\",\n        \"webp\": \"/storage/product/arduino-uno/arduino-uno-dip-with-usb-cable.webp\",\n        \"alt\": \"Arduino Uno with USB Cable\",\n        \"id\": \"img2746385\"\n    },\n    \"data\": {\n        \"img2746385\": {\n            \"jpg\": \"/storage/product/arduino-uno/arduino-uno-dip-with-usb-cable.jpg\",\n            \"webp\": \"/storage/product/arduino-uno/arduino-uno-dip-with-usb-cable.webp\",\n            \"alt\": \"Arduino Uno with USB Cable\",\n            \"id\": \"img2746385\"\n        },\n        \"img38091815\": {\n            \"jpg\": \"/storage/product/arduino-uno/arduino-uno-dip-board.jpg\",\n            \"webp\": \"/storage/product/arduino-uno/arduino-uno-dip-board.webp\",\n            \"alt\": \"Arduino Uno Microcontroller Board\",\n            \"id\": \"img38091815\"\n        },\n        \"img50056731\": {\n            \"jpg\": \"/storage/product/arduino-uno/arduino-uno-smd-china.jpg\",\n            \"webp\": \"/storage/product/arduino-uno/arduino-uno-smd-china.webp\",\n            \"alt\": \"Arduino Uno SMD China\",\n            \"id\": \"img50056731\"\n        },\n        \"img562339\": {\n            \"jpg\": \"/storage/product/arduino-uno/arduino-uno-smd-board.jpg\",\n            \"webp\": \"/storage/product/arduino-uno/arduino-uno-smd-board.webp\",\n            \"alt\": \"Arduino Uno SMD India\",\n            \"id\": \"img562339\"\n        }\n    }\n}", "markdown": "# Arduino Uno Microcontroller Board with USB Cable\n\n``` yaml\ntitle: \"Arduino Uno Buy Online in India at Best Price - noobtronics\"\nshortname: Arduino Uno\nmeta_description: Arduino Uno is famous microcontroller board based on ATmega328P IC. Purchase now with free delivery and cash on delivery options all over India.\nkeywords: arduino uno, atmega328, microcontroller board\ntags: arduino-uno, arduino, atmega328p\n\n```\n\n``` yaml\ndescription: \n  - Select among SMD vs DIP and Made in India vs Made in China boards.\n```\n\n## Images\n<p float=\"left\">\n  <img alt=\"Arduino Uno with USB Cable\" \n       src=\"/storage/product/arduino-uno/arduino-uno-dip-with-usb-cable.jpg\" width=\"280\" \n   />\n  <img alt=\"Arduino Uno Microcontroller Board\" \n       src=\"/storage/product/arduino-uno/arduino-uno-dip-board.jpg\" width=\"280\" \n   />\n  <img alt=\"Arduino Uno SMD China\" \n       src=\"/storage/product/arduino-uno/arduino-uno-smd-china.jpg\" width=\"280\" \n   />\n  <img alt=\"Arduino Uno SMD India\" \n       src=\"/storage/product/arduino-uno/arduino-uno-smd-board.jpg\" width=\"280\" \n   />\n</p>\n\n``` yaml\nvariants:\n  - name: SMD Version (China)\n    price: 300\n    cardname: 'Arduino Uno'\n    cardtitle: 'SMD Version - China'\n    image: 3\n    is_shop: true\n    in_stock: true\n  - name: DIP Version (Made in India)\n    price: 400\n    cardname: 'Arduino Uno'\n    cardtitle: 'DIP Version - India'\n    image: 2\n    is_shop: true\n    in_stock: true\n  - name: SMD Version (Made in India)\n    price: 400\n    cardname: 'Arduino Uno'\n    cardtitle: 'SMD Version - India'\n    image: 4\n    is_shop: true\n    in_stock: false\n```\n\n1. [What is Arduino Uno ?](#What-is-Arduino-Uno)\n1. [Description](#Description)\n3. [Specification](#Specifications)\n4. [Comparison of Different Models](#Model-Comparison)\n5. [Package Contents](#Package-Contents)\n6. [Frequently Asked Questions](#FAQ)\n7. [Related Links](#Links)\n7. [Downloads](#Downloads)\n\n<a name=\"What-is-Arduino-Uno\"></a>\n## What is Arduino Uno ? \nArduino Uno is easiest to learn microcontroller board. You can connect it to computer via USB Cable and program it to Control Motors, LEDs, Sensors and ICs to make electronic projects like basic robots, line followers, robotic arm. For many, Arduino Uno is the first board to be used by electronics engineers when they start learning about microcontrollers.\n\n<a name=\"Description\"></a>\n## Description \nArduino Uno is a development board based on ATmega328 microcontroller from Microchip Technology (formerly Atmel). It is preprogrammed with optiboot bootloader and can be programmed using Arduino IDE via USB Cable.\n\nJust like any other microcontroller board, it can be programmed to read sensors, control motors, leds and communicate with other electronic modules. It became famous because developing firmware (software code) for microcontroller used to be very hard, even electronic engineers took months to write code for simple tasks. Arduino company created 'arduino' language which makes writing code so easy that even children in school can now program a microcontroller. \n\nUno means number one in spanish, hence meaning of 'Arduino 'Uno' is actually the first development board to commercially support programming in arduino programming language. Its hardware and software all are open source.\n\n<a name=\"Specifications\"></a>\n## Specifications \n|||\n|-|-|\n|Microcontroller|ATmega328P|\n|Frequency|16Mhz|\n|Architecture|AVR|\n|Processor|8-bit|\n|Memory|32KB Flash, 2KB SRAM, 1KB EEPROM|\n|Operating Voltage|5V|\n|Digital I/O Pins|14|\n|Analog Input Pins|6-8|\n|ADC Rsolution|10-bit|\n|Peripherals|1-UART, 2-SPI, 1-I2C|\n|Dimensions|68.6 mm \u00d7 53.3 mm|\n\n<a name=\"Model-Comparison\"></a>\n## Comparison of Different Models \n||SMD Version (China)|DIP Version (Made in India)|SMD Version (Made in India)|\n|-|-|-|-|\n|\u03bcC Package|32pin TQFP|28pin PDIP|32pin TQFP|\n|\u03bcC Removable|\u2716|\u2714|\u2716|\n|Analog Input|6|6|8|\n|USB Cable|USB-B 1 feet|micro USB 3 feet|micro USB 3 feet|\n\nDIP Version is based on 28pin PDIP package of ATmega328P. DIP IC can be removed from socket and replaced without soldering, hence it is ideal for begineers who can burn the microcontroller unkowingly. SMD Version is based on 32pin TQFP package version of ATmega328P which can provide 2 more analog input pins (if board exposes it).\n\n<a name=\"Package-Contents\"></a>\n## Package Contents \n- Arduino Uno Microcontroller Board\n- USB Cable\n- Instruction Manual and Pinout Diagram (only in Made in India)\n\n\n<a name=\"FAQ\"></a>\n## Frequently Asked Questions\n\n### Can it connect to wifi ?\nNo. Arduino Uno by default does not support any wireless communication like WiFi or BLE. You need to use extra modules, shields to support it.\n### What is difference between Arduino Uno, R2 and R3 ?\nIn terms of functionality, there is no difference. For USB to UART conversion, R1 / R2 uses ATmega8 while R3 uses ATmega16u2.\n### What is difference between ATmega16u2, CH340G, CP2102 based arduinos ?\nPerformance and Cost. CH340G / CP2102 are chip solution for USB to UART Conversion while ATmega16u2 is a microcontroller programmed to do the conversion. CH340G / CP2102 are faster in terms of performance and cheaper.\n### What robots can you build with it ?\nYou can build basic Line Follower, RC Car, Robotic Arm, Quadcopter etc. robots\n### Is it original Made in Italy Arduino ?\nArduino is open source, anybody can make it. It is a low cost version of Arduino Uno made availble to Indian Students at economical price because of being made in China / India.\n### I don't know programming can I learn Arduino ?\nMicrocontrollers are built to work as per the program instructions. We recommend you to learn basic programming first.\n### Where can I get started ?\nCheckout this blog.\n\n<a name=\"Links\"></a>\n## Related Links \n- \n\n<a name=\"Downloads\"></a>\n## Downloads \n- Arduino IDE <a href=\"https://downloads.arduino.cc/arduino-1.8.12-windows.exe\" target=\"_blank\" rel=\"nofollow\">Windows</a>, <a href=\"https://downloads.arduino.cc/arduino-1.8.12-linux64.tar.xz\" target=\"_blank\" rel=\"nofollow\">Linux</a>, <a href=\"https://downloads.arduino.cc/arduino-1.8.12-macosx.zip\" target=\"_blank\" rel=\"nofollow\">Mac OS</a> or <a href=\"https://www.arduino.cc/en/main/software\" target=\"_blank\" rel=\"nofollow\">visit here</a>\n  \n  \n  \n- <a href=\"/storage/product/arduino-uno/arduino-uno-pinout-diagram.pdf\" target=\"_blank\">Pinout Diagram</a>\n- <a href=\"/storage/ic/atmega328p/ATmega328P_Datasheet.pdf\" target=\"_blank\" rel=\"nofollow\">ATmega328P Datasheet</a>\n\n", "html": "\n\n\n\n\n\n<ol>\n<li><a href=\"#What-is-Arduino-Uno\">What is Arduino Uno ?</a></li>\n<li><a href=\"#Description\">Description</a></li>\n<li><a href=\"#Specifications\">Specification</a></li>\n<li><a href=\"#Model-Comparison\">Comparison of Different Models</a></li>\n<li><a href=\"#Package-Contents\">Package Contents</a></li>\n<li><a href=\"#FAQ\">Frequently Asked Questions</a></li>\n<li><a href=\"#Links\">Related Links</a></li>\n<li><a href=\"#Downloads\">Downloads</a></li>\n</ol>\n<p><a name=\"What-is-Arduino-Uno\"></a></p>\n<h2>What is Arduino Uno ?</h2>\n<p>Arduino Uno is easiest to learn microcontroller board. You can connect it to computer via USB Cable and program it to Control Motors, LEDs, Sensors and ICs to make electronic projects like basic robots, line followers, robotic arm. For many, Arduino Uno is the first board to be used by electronics engineers when they start learning about microcontrollers.</p>\n<p><a name=\"Description\"></a></p>\n<h2>Description</h2>\n<p>Arduino Uno is a development board based on ATmega328 microcontroller from Microchip Technology (formerly Atmel). It is preprogrammed with optiboot bootloader and can be programmed using Arduino IDE via USB Cable.</p>\n<p>Just like any other microcontroller board, it can be programmed to read sensors, control motors, leds and communicate with other electronic modules. It became famous because developing firmware (software code) for microcontroller used to be very hard, even electronic engineers took months to write code for simple tasks. Arduino company created 'arduino' language which makes writing code so easy that even children in school can now program a microcontroller. </p>\n<p>Uno means number one in spanish, hence meaning of 'Arduino 'Uno' is actually the first development board to commercially support programming in arduino programming language. Its hardware and software all are open source.</p>\n<p><a name=\"Specifications\"></a></p>\n<h2>Specifications</h2>\n<div class=\"table-container\"><table class=\"table is-bordered is-narrow is-hoverable\">\n<thead>\n<tr>\n<th></th>\n<th></th>\n</tr>\n</thead>\n<tbody>\n<tr>\n<td>Microcontroller</td>\n<td>ATmega328P</td>\n</tr>\n<tr>\n<td>Frequency</td>\n<td>16Mhz</td>\n</tr>\n<tr>\n<td>Architecture</td>\n<td>AVR</td>\n</tr>\n<tr>\n<td>Processor</td>\n<td>8-bit</td>\n</tr>\n<tr>\n<td>Memory</td>\n<td>32KB Flash, 2KB SRAM, 1KB EEPROM</td>\n</tr>\n<tr>\n<td>Operating Voltage</td>\n<td>5V</td>\n</tr>\n<tr>\n<td>Digital I/O Pins</td>\n<td>14</td>\n</tr>\n<tr>\n<td>Analog Input Pins</td>\n<td>6-8</td>\n</tr>\n<tr>\n<td>ADC Rsolution</td>\n<td>10-bit</td>\n</tr>\n<tr>\n<td>Peripherals</td>\n<td>1-UART, 2-SPI, 1-I2C</td>\n</tr>\n<tr>\n<td>Dimensions</td>\n<td>68.6 mm \u00d7 53.3 mm</td>\n</tr>\n</tbody>\n</table></div>\n<p><a name=\"Model-Comparison\"></a></p>\n<h2>Comparison of Different Models</h2>\n<div class=\"table-container\"><table class=\"table is-bordered is-narrow is-hoverable\">\n<thead>\n<tr>\n<th></th>\n<th>SMD Version (China)</th>\n<th>DIP Version (Made in India)</th>\n<th>SMD Version (Made in India)</th>\n</tr>\n</thead>\n<tbody>\n<tr>\n<td>\u03bcC Package</td>\n<td>32pin TQFP</td>\n<td>28pin PDIP</td>\n<td>32pin TQFP</td>\n</tr>\n<tr>\n<td>\u03bcC Removable</td>\n<td>\u2716</td>\n<td>\u2714</td>\n<td>\u2716</td>\n</tr>\n<tr>\n<td>Analog Input</td>\n<td>6</td>\n<td>6</td>\n<td>8</td>\n</tr>\n<tr>\n<td>USB Cable</td>\n<td>USB-B 1 feet</td>\n<td>micro USB 3 feet</td>\n<td>micro USB 3 feet</td>\n</tr>\n</tbody>\n</table></div>\n<p>DIP Version is based on 28pin PDIP package of ATmega328P. DIP IC can be removed from socket and replaced without soldering, hence it is ideal for begineers who can burn the microcontroller unkowingly. SMD Version is based on 32pin TQFP package version of ATmega328P which can provide 2 more analog input pins (if board exposes it).</p>\n<p><a name=\"Package-Contents\"></a></p>\n<h2>Package Contents</h2>\n<ul>\n<li>Arduino Uno Microcontroller Board</li>\n<li>USB Cable</li>\n<li>Instruction Manual and Pinout Diagram (only in Made in India)</li>\n</ul>\n<p><a name=\"FAQ\"></a></p>\n<h2>Frequently Asked Questions</h2>\n<h3>Can it connect to wifi ?</h3>\n<p>No. Arduino Uno by default does not support any wireless communication like WiFi or BLE. You need to use extra modules, shields to support it.</p>\n<h3>What is difference between Arduino Uno, R2 and R3 ?</h3>\n<p>In terms of functionality, there is no difference. For USB to UART conversion, R1 / R2 uses ATmega8 while R3 uses ATmega16u2.</p>\n<h3>What is difference between ATmega16u2, CH340G, CP2102 based arduinos ?</h3>\n<p>Performance and Cost. CH340G / CP2102 are chip solution for USB to UART Conversion while ATmega16u2 is a microcontroller programmed to do the conversion. CH340G / CP2102 are faster in terms of performance and cheaper.</p>\n<h3>What robots can you build with it ?</h3>\n<p>You can build basic Line Follower, RC Car, Robotic Arm, Quadcopter etc. robots</p>\n<h3>Is it original Made in Italy Arduino ?</h3>\n<p>Arduino is open source, anybody can make it. It is a low cost version of Arduino Uno made availble to Indian Students at economical price because of being made in China / India.</p>\n<h3>I don't know programming can I learn Arduino ?</h3>\n<p>Microcontrollers are built to work as per the program instructions. We recommend you to learn basic programming first.</p>\n<h3>Where can I get started ?</h3>\n<p>Checkout this blog.</p>\n<p><a name=\"Links\"></a></p>\n<h2>Related Links</h2>\n<ul>\n<li></li>\n</ul>\n<p><a name=\"Downloads\"></a></p>\n<h2>Downloads</h2>\n<ul>\n<li>\n<p>Arduino IDE <a href=\"https://downloads.arduino.cc/arduino-1.8.12-windows.exe\" rel=\"nofollow\" target=\"_blank\">Windows</a>, <a href=\"https://downloads.arduino.cc/arduino-1.8.12-linux64.tar.xz\" rel=\"nofollow\" target=\"_blank\">Linux</a>, <a href=\"https://downloads.arduino.cc/arduino-1.8.12-macosx.zip\" rel=\"nofollow\" target=\"_blank\">Mac OS</a> or <a href=\"https://www.arduino.cc/en/main/software\" rel=\"nofollow\" target=\"_blank\">visit here</a></p>\n</li>\n<li>\n<p><a href=\"/storage/product/arduino-uno/arduino-uno-pinout-diagram.pdf\" target=\"_blank\">Pinout Diagram</a></p>\n</li>\n<li><a href=\"/storage/ic/atmega328p/ATmega328P_Datasheet.pdf\" rel=\"nofollow\" target=\"_blank\">ATmega328P Datasheet</a></li>\n</ul>", "rank": 100, "hide_shop": false, "hide_ads": false, "updated_at": "2020-05-31T12:39:06.257Z", "created_at": "2020-05-23T11:45:11.955Z"}}, {"model": "ecommerce.producttag", "pk": "0561e28b-c1a0-4a1b-a04a-8d413616bb3a", "fields": {"tag": 3, "prod": "548c5be6-c746-4aae-945c-bb93b96d9491"}}, {"model": "ecommerce.producttag", "pk": "0987f057-8e34-4d7b-8c95-95a305af6247", "fields": {"tag": 8, "prod": "89764b95-2e3a-4489-a548-4a24ed87f451"}}, {"model": "ecommerce.producttag", "pk": "0d412576-7944-4cd7-99c6-33f3ed839440", "fields": {"tag": 9, "prod": "7eeae66a-e84f-4709-bede-8bb089e531d5"}}, {"model": "ecommerce.producttag", "pk": "0d43c641-11d2-4d5a-817a-db7c2d849378", "fields": {"tag": 11, "prod": "09913cbf-0414-4559-a242-8b55cde2450f"}}, {"model": "ecommerce.producttag", "pk": "17d4c926-f0e3-453c-95a8-d477bbe158f3", "fields": {"tag": 3, "prod": "7eeae66a-e84f-4709-bede-8bb089e531d5"}}, {"model": "ecommerce.producttag", "pk": "1f5d3053-23c6-45b6-8fb6-4e8f96b7c90e", "fields": {"tag": 22, "prod": "e8526613-aa55-470c-b405-0e0c59cce666"}}, {"model": "ecommerce.producttag", "pk": "2f2b9103-6538-4231-ab79-b98411c5de96", "fields": {"tag": 18, "prod": "b913b8ec-2f69-44cc-9865-02b0b312eb11"}}, {"model": "ecommerce.producttag", "pk": "4a9262eb-ab8d-44a6-adc2-698a6cfee8f0", "fields": {"tag": 5, "prod": "2b17d7b7-1e3f-49b0-98d5-7b7c49c3befc"}}, {"model": "ecommerce.producttag", "pk": "4df2965e-b384-40ff-8a8b-dd9c4268af66", "fields": {"tag": 15, "prod": "0b9a60c2-040b-457e-ade5-51265c1aa54b"}}, {"model": "ecommerce.producttag", "pk": "550d51c8-1057-499e-99a9-12788440b02c", "fields": {"tag": 17, "prod": "b913b8ec-2f69-44cc-9865-02b0b312eb11"}}, {"model": "ecommerce.producttag", "pk": "561c6b16-37f2-4d92-b9c1-23b8492cfe76", "fields": {"tag": 2, "prod": "fd891514-0bc7-4e84-bf90-8a518c107b1d"}}, {"model": "ecommerce.producttag", "pk": "5adcad35-ac6a-480e-9b6c-9e543965d941", "fields": {"tag": 20, "prod": "cdf12acf-c847-486f-83fc-07a402978392"}}, {"model": "ecommerce.producttag", "pk": "5d4d2e58-3e85-4e39-9a70-f69ae8db056f", "fields": {"tag": 12, "prod": "b4158122-9837-4477-a649-1fb4f3419a1b"}}, {"model": "ecommerce.producttag", "pk": "73bfcd38-299f-4cd7-aa2b-ad83ddf454e8", "fields": {"tag": 10, "prod": "09913cbf-0414-4559-a242-8b55cde2450f"}}, {"model": "ecommerce.producttag", "pk": "8b7e5ac8-5591-4173-8ebf-f8f28f997079", "fields": {"tag": 7, "prod": "89764b95-2e3a-4489-a548-4a24ed87f451"}}, {"model": "ecommerce.producttag", "pk": "94ca8e43-2358-48bc-9bd3-68d06719a6a3", "fields": {"tag": 4, "prod": "548c5be6-c746-4aae-945c-bb93b96d9491"}}, {"model": "ecommerce.producttag", "pk": "979070dd-27c0-47f2-a4f1-cc17538b41eb", "fields": {"tag": 2, "prod": "610e6946-8e2d-425f-a14a-d325930c4ef6"}}, {"model": "ecommerce.producttag", "pk": "a309e3f9-2310-4363-9306-3304c5a5e2fe", "fields": {"tag": 2, "prod": "2b17d7b7-1e3f-49b0-98d5-7b7c49c3befc"}}, {"model": "ecommerce.producttag", "pk": "ab779d77-a75b-42eb-a5ee-21b608645edb", "fields": {"tag": 14, "prod": "0b9a60c2-040b-457e-ade5-51265c1aa54b"}}, {"model": "ecommerce.producttag", "pk": "b9cb2c0e-2613-4d33-b1f2-2627b8701829", "fields": {"tag": 2, "prod": "7eeae66a-e84f-4709-bede-8bb089e531d5"}}, {"model": "ecommerce.producttag", "pk": "c089a0c3-a8dd-4718-bcd1-698ee4dd64b3", "fields": {"tag": 17, "prod": "e8526613-aa55-470c-b405-0e0c59cce666"}}, {"model": "ecommerce.producttag", "pk": "c5e01d4d-7915-403f-b427-b876a0d8694b", "fields": {"tag": 1, "prod": "fd891514-0bc7-4e84-bf90-8a518c107b1d"}}, {"model": "ecommerce.producttag", "pk": "c7ebe7e4-fc3a-4535-8688-a359916de2e9", "fields": {"tag": 21, "prod": "cdf12acf-c847-486f-83fc-07a402978392"}}, {"model": "ecommerce.producttag", "pk": "d73045b6-57c6-4f12-83fb-548e72a83936", "fields": {"tag": 19, "prod": "cdf12acf-c847-486f-83fc-07a402978392"}}, {"model": "ecommerce.producttag", "pk": "dcbdd551-fa71-4b05-b742-e1505b41141b", "fields": {"tag": 2, "prod": "548c5be6-c746-4aae-945c-bb93b96d9491"}}, {"model": "ecommerce.producttag", "pk": "df415af7-35dd-4aa7-bbfb-38a424e9c0a9", "fields": {"tag": 11, "prod": "b4158122-9837-4477-a649-1fb4f3419a1b"}}, {"model": "ecommerce.producttag", "pk": "dfd209fc-500a-454c-8705-40727403310b", "fields": {"tag": 23, "prod": "e8526613-aa55-470c-b405-0e0c59cce666"}}, {"model": "ecommerce.producttag", "pk": "e595846f-ee7b-4cfd-8f67-c1d2048c1966", "fields": {"tag": 16, "prod": "b913b8ec-2f69-44cc-9865-02b0b312eb11"}}, {"model": "ecommerce.producttag", "pk": "f2fa6dbc-10bb-4338-9cce-d25c295b2173", "fields": {"tag": 6, "prod": "2b17d7b7-1e3f-49b0-98d5-7b7c49c3befc"}}, {"model": "ecommerce.producttag", "pk": "f6a87773-c3e4-40ab-a3bb-9bb22a42bc26", "fields": {"tag": 3, "prod": "fd891514-0bc7-4e84-bf90-8a518c107b1d"}}, {"model": "ecommerce.producttag", "pk": "f79962ab-721f-4f19-a3b5-03d5b8ab41e5", "fields": {"tag": 13, "prod": "610e6946-8e2d-425f-a14a-d325930c4ef6"}}, {"model": "ecommerce.producttag", "pk": "fbca798f-220a-459f-8702-84e8bf8f8efc", "fields": {"tag": 2, "prod": "89764b95-2e3a-4489-a548-4a24ed87f451"}}, {"model": "ecommerce.productvariant", "pk": "0413e959-1e04-4be6-b0cd-04519caf0f82", "fields": {"prod": "e8526613-aa55-470c-b405-0e0c59cce666", "name": "ESP-01", "image": "{\n    \"jpg\": \"/storage/product/esp-01/esp-01.jpg\",\n    \"webp\": \"/storage/product/esp-01/esp-01.webp\",\n    \"alt\": \"ESP 01 Wifi Module\",\n    \"id\": \"img88420710\",\n    \"count\": 1\n}", "cardname": "ESP 01", "cardtitle": "Wifi Module", "is_main": false, "price": 150, "quantity_available": 0, "is_shop": true, "in_stock": true, "rank": 1}}, {"model": "ecommerce.productvariant", "pk": "113f7caa-6cfe-4c80-ae1c-cc14626c69bd", "fields": {"prod": "610e6946-8e2d-425f-a14a-d325930c4ef6", "name": "IOT Kit", "image": "{\n    \"jpg\": \"/storage/product/arduino-starter-kit/arduino-starter-kit.jpg\",\n    \"webp\": \"/storage/product/arduino-starter-kit/arduino-starter-kit.webp\",\n    \"alt\": \"Arduino Starter Kit for Beginners\",\n    \"id\": \"img10500360\",\n    \"count\": 1\n}", "cardname": "Arduino Starter Kit", "cardtitle": "For IOT Beginners", "is_main": false, "price": 1700, "quantity_available": 0, "is_shop": true, "in_stock": true, "rank": 2}}, {"model": "ecommerce.productvariant", "pk": "231c4979-cde1-41ed-82fb-f2c1c1c81a0e", "fields": {"prod": "0b9a60c2-040b-457e-ade5-51265c1aa54b", "name": "Sensor Kit", "image": "{\n    \"jpg\": \"/storage/product/37-in-1-sensor-kit/37-in-1-sensor-kit.jpg\",\n    \"webp\": \"/storage/product/37-in-1-sensor-kit/37-in-1-sensor-kit.webp\",\n    \"alt\": \"37 in 1 Sensor Kit for Arduino, Raspberry Pi\",\n    \"id\": \"img32380282\",\n    \"count\": 1\n}", "cardname": " 37 in 1 Sensor Kit", "cardtitle": "For Arduino, Raspberry Pi", "is_main": false, "price": 1200, "quantity_available": 0, "is_shop": true, "in_stock": true, "rank": 1}}, {"model": "ecommerce.productvariant", "pk": "31a848b8-172d-4c14-b1f2-f1daeaabdfa1", "fields": {"prod": "cdf12acf-c847-486f-83fc-07a402978392", "name": "nRF24L01+", "image": "{\n    \"jpg\": \"/storage/product/nRF24L01/nRF24L01.jpg\",\n    \"webp\": \"/storage/product/nRF24L01/nRF24L01.webp\",\n    \"alt\": \"nRF24L01 2.4Ghz Radio Module\",\n    \"id\": \"img40733818\",\n    \"count\": 1\n}", "cardname": "nRF24L01+", "cardtitle": "2.4Ghz Radio Module", "is_main": false, "price": 300, "quantity_available": 0, "is_shop": true, "in_stock": true, "rank": 1}}, {"model": "ecommerce.productvariant", "pk": "31f61b22-975d-42da-ade9-a93f0024fbc5", "fields": {"prod": "610e6946-8e2d-425f-a14a-d325930c4ef6", "name": "Basic Kit", "image": "{\n    \"jpg\": \"/storage/product/arduino-starter-kit/arduino-starter-kit.jpg\",\n    \"webp\": \"/storage/product/arduino-starter-kit/arduino-starter-kit.webp\",\n    \"alt\": \"Arduino Starter Kit for Beginners\",\n    \"id\": \"img10500360\",\n    \"count\": 1\n}", "cardname": "Arduino Starter Kit", "cardtitle": "For Beginners", "is_main": false, "price": 1200, "quantity_available": 0, "is_shop": true, "in_stock": true, "rank": 1}}, {"model": "ecommerce.productvariant", "pk": "3a375dc6-cad2-4e8e-84db-0f2476d1b5a4", "fields": {"prod": "548c5be6-c746-4aae-945c-bb93b96d9491", "name": "Without Cable", "image": "{\n    \"jpg\": \"/storage/product/arduino-nano/arduino-nano-with-usb-cable.jpg\",\n    \"webp\": \"/storage/product/arduino-nano/arduino-nano-with-usb-cable.webp\",\n    \"alt\": \"Arduino Nano with USB Cable\",\n    \"id\": \"img92384101\",\n    \"count\": 1\n}", "cardname": "Arduino Nano", "cardtitle": "ATmega328P \u03bcC", "is_main": false, "price": 300, "quantity_available": 0, "is_shop": true, "in_stock": true, "rank": 1}}, {"model": "ecommerce.productvariant", "pk": "4d0f06da-6001-4b50-9504-af929b039de6", "fields": {"prod": "fd891514-0bc7-4e84-bf90-8a518c107b1d", "name": "SMD Version (China)", "image": "{\n    \"jpg\": \"/storage/product/arduino-uno/arduino-uno-smd-china.jpg\",\n    \"webp\": \"/storage/product/arduino-uno/arduino-uno-smd-china.webp\",\n    \"alt\": \"Arduino Uno SMD China\",\n    \"id\": \"img50056731\",\n    \"count\": 3\n}", "cardname": "Arduino Uno", "cardtitle": "SMD Version - China", "is_main": false, "price": 300, "quantity_available": 0, "is_shop": true, "in_stock": true, "rank": 1}}, {"model": "ecommerce.productvariant", "pk": "50e42fb5-c43b-485f-829e-49f3d8e08c29", "fields": {"prod": "548c5be6-c746-4aae-945c-bb93b96d9491", "name": "With Cable", "image": "{\n    \"jpg\": \"/storage/product/arduino-nano/arduino-nano-with-usb-cable.jpg\",\n    \"webp\": \"/storage/product/arduino-nano/arduino-nano-with-usb-cable.webp\",\n    \"alt\": \"Arduino Nano with USB Cable\",\n    \"id\": \"img92384101\",\n    \"count\": 1\n}", "cardname": "Arduino Nano", "cardtitle": "ATmega328P \u03bcC", "is_main": false, "price": 330, "quantity_available": 0, "is_shop": false, "in_stock": true, "rank": 2}}, {"model": "ecommerce.productvariant", "pk": "5a1d9b60-068f-43bb-90f0-25091bfc77fc", "fields": {"prod": "b4158122-9837-4477-a649-1fb4f3419a1b", "name": "Development Board", "image": "{\n    \"jpg\": \"/storage/product/esp32/esp32-microcontroller.jpg\",\n    \"webp\": \"/storage/product/esp32/esp32-microcontroller.webp\",\n    \"alt\": \"ESP32 Wifi Microcontroller Board\",\n    \"id\": \"img98050766\",\n    \"count\": 1\n}", "cardname": "ESP32", "cardtitle": "Wifi Microcontroller", "is_main": false, "price": 300, "quantity_available": 0, "is_shop": true, "in_stock": true, "rank": 1}}, {"model": "ecommerce.productvariant", "pk": "62a0a386-dd14-4876-99e5-08ce5cbddab5", "fields": {"prod": "7eeae66a-e84f-4709-bede-8bb089e531d5", "name": "5V Pro Mini", "image": "{\n    \"jpg\": \"/storage/product/arduino-pro-mini/arduino-pro-mini.jpg\",\n    \"webp\": \"/storage/product/arduino-pro-mini/arduino-pro-mini.webp\",\n    \"alt\": \"Arduino Pro Mini Microcontroller Board\",\n    \"id\": \"img42460477\",\n    \"count\": 1\n}", "cardname": "Pro Mini", "cardtitle": "ATmega328P uC", "is_main": false, "price": 300, "quantity_available": 0, "is_shop": true, "in_stock": true, "rank": 1}}, {"model": "ecommerce.productvariant", "pk": "6673f15f-0955-4a4d-876e-28b0460af738", "fields": {"prod": "fd891514-0bc7-4e84-bf90-8a518c107b1d", "name": "DIP Version (Made in India)", "image": "{\n    \"jpg\": \"/storage/product/arduino-uno/arduino-uno-dip-board.jpg\",\n    \"webp\": \"/storage/product/arduino-uno/arduino-uno-dip-board.webp\",\n    \"alt\": \"Arduino Uno Microcontroller Board\",\n    \"id\": \"img38091815\",\n    \"count\": 2\n}", "cardname": "Arduino Uno", "cardtitle": "DIP Version - India", "is_main": false, "price": 400, "quantity_available": 0, "is_shop": true, "in_stock": true, "rank": 2}}, {"model": "ecommerce.productvariant", "pk": "6e4de6bc-4555-4dde-94b2-7a1822eace6c", "fields": {"prod": "2b17d7b7-1e3f-49b0-98d5-7b7c49c3befc", "name": "Mega with USB", "image": "{\n    \"jpg\": \"/storage/product/arduino-mega/arduino-mega-with-usb-cable.jpg\",\n    \"webp\": \"/storage/product/arduino-mega/arduino-mega-with-usb-cable.webp\",\n    \"alt\": \"Arduino Mega with USB Cable\",\n    \"id\": \"img50709837\",\n    \"count\": 1\n}", "cardname": "Arduino Mega", "cardtitle": "Arduino Mega with USB", "is_main": false, "price": 300, "quantity_available": 0, "is_shop": false, "in_stock": true, "rank": 2}}, {"model": "ecommerce.productvariant", "pk": "84ef4fb8-704f-4038-9c01-715a88555648", "fields": {"prod": "fd891514-0bc7-4e84-bf90-8a518c107b1d", "name": "SMD Version (Made in India)", "image": "{\n    \"jpg\": \"/storage/product/arduino-uno/arduino-uno-smd-board.jpg\",\n    \"webp\": \"/storage/product/arduino-uno/arduino-uno-smd-board.webp\",\n    \"alt\": \"Arduino Uno SMD India\",\n    \"id\": \"img562339\",\n    \"count\": 4\n}", "cardname": "Arduino Uno", "cardtitle": "SMD Version - India", "is_main": false, "price": 400, "quantity_available": 0, "is_shop": true, "in_stock": false, "rank": 3}}, {"model": "ecommerce.productvariant", "pk": "8692a26c-095a-4e4a-953f-bb7efdf65c2c", "fields": {"prod": "b913b8ec-2f69-44cc-9865-02b0b312eb11", "name": "HM-10", "image": "{\n    \"jpg\": \"/storage/product/hm-10-bluetooth-module/hm-10-bluetooth-module.jpg\",\n    \"webp\": \"/storage/product/hm-10-bluetooth-module/hm-10-bluetooth-module.webp\",\n    \"alt\": \"HM 10 Bluetooth Module\",\n    \"id\": \"img83709478\",\n    \"count\": 1\n}", "cardname": "HM 10", "cardtitle": "Bluetooth 4.0 Module", "is_main": false, "price": 300, "quantity_available": 0, "is_shop": true, "in_stock": true, "rank": 1}}, {"model": "ecommerce.productvariant", "pk": "a74511b4-3d1a-4f49-b3a8-59c0e1a45f40", "fields": {"prod": "2b17d7b7-1e3f-49b0-98d5-7b7c49c3befc", "name": "2560 Pro Mini", "image": "{\n    \"jpg\": \"/storage/product/arduino-mega/2560-mega-pro-mini.jpg\",\n    \"webp\": \"/storage/product/arduino-mega/2560-mega-pro-mini.webp\",\n    \"alt\": \"Arduino Mega 2560 Pro Mini\",\n    \"id\": \"img48107161\",\n    \"count\": 5\n}", "cardname": "Arduino Mega Pro Mini", "cardtitle": "ATmega2560 \u03bcC", "is_main": false, "price": 400, "quantity_available": 0, "is_shop": true, "in_stock": true, "rank": 3}}, {"model": "ecommerce.productvariant", "pk": "ca848e77-1c96-42df-9050-035d8eed8f07", "fields": {"prod": "09913cbf-0414-4559-a242-8b55cde2450f", "name": "Development Board", "image": "{\n    \"jpg\": \"/storage/product/esp8266/esp8266-microcontroller.jpg\",\n    \"webp\": \"/storage/product/esp8266/esp8266-microcontroller.webp\",\n    \"alt\": \"ESP8266 Wifi Microcontroller Board\",\n    \"id\": \"img71190479\",\n    \"count\": 1\n}", "cardname": "ESP8266", "cardtitle": "Wifi Microcontroller", "is_main": false, "price": 300, "quantity_available": 0, "is_shop": true, "in_stock": true, "rank": 1}}, {"model": "ecommerce.productvariant", "pk": "e28abacc-679d-42e6-9419-35caf2efdb52", "fields": {"prod": "2b17d7b7-1e3f-49b0-98d5-7b7c49c3befc", "name": "Mega", "image": "{\n    \"jpg\": \"/storage/product/arduino-mega/arduino-mega-top-view.jpg\",\n    \"webp\": \"/storage/product/arduino-mega/arduino-mega-top-view.webp\",\n    \"alt\": \"Arduino Mega Top View\",\n    \"id\": \"img39971310\",\n    \"count\": 3\n}", "cardname": "Arduino Mega", "cardtitle": "ATmega2560 \u03bcC", "is_main": false, "price": 300, "quantity_available": 0, "is_shop": true, "in_stock": true, "rank": 1}}, {"model": "ecommerce.productvariant", "pk": "e4d0ff5b-36fe-4feb-ac5b-293addfe8b7e", "fields": {"prod": "89764b95-2e3a-4489-a548-4a24ed87f451", "name": "Smartduino Uno", "image": "{\n    \"jpg\": \"/storage/product/smartduino-uno/smarduino-uno-atmega328pb-board.jpg\",\n    \"webp\": \"/storage/product/smartduino-uno/smarduino-uno-atmega328pb-board.webp\",\n    \"alt\": \"Smartduino - ATmega328PB Based Microcontroller Board\",\n    \"id\": \"img4550706\",\n    \"count\": 2\n}", "cardname": "Smartduino Uno", "cardtitle": "ATmega328PB uC", "is_main": false, "price": 300, "quantity_available": 0, "is_shop": true, "in_stock": true, "rank": 1}}, {"model": "ecommerce.productvariant", "pk": "ec693728-1012-48ce-8b73-6427e705353c", "fields": {"prod": "cdf12acf-c847-486f-83fc-07a402978392", "name": "nRF24L01+ SMD Module", "image": "{\n    \"jpg\": \"/storage/product/nRF24L01/nRF24L01-smd-module.jpg\",\n    \"webp\": \"/storage/product/nRF24L01/nRF24L01-smd-module.webp\",\n    \"alt\": \"nRF24L01+ SMD Module\",\n    \"id\": \"img3197510\",\n    \"count\": 3\n}", "cardname": "nRF24L01+ SMD", "cardtitle": "2.4Ghz Radio Module", "is_main": false, "price": 300, "quantity_available": 0, "is_shop": true, "in_stock": false, "rank": 2}}]